36421,CVE-2015-0235
35951,CVE-2015-0235
41995,CVE-2016-9793
41457,CVE-2017-6074
41458,CVE-2017-6074
39867,CVE-2015-4870
42944,CVE-2017-14494
42945,CVE-2017-14495
42946,CVE-2017-14496
42941,CVE-2017-14491
42942,CVE-2017-14492
36933,CVE-2014-6278
36933,CVE-2014-7186
36933,CVE-2014-7169
36933,CVE-2014-6277
36933,CVE-2014-7187
34860,CVE-2014-6278
34860,CVE-2014-7186
34860,CVE-2014-7169
34860,CVE-2014-6277
34860,CVE-2014-7187
36933,CVE-2014-6278
36933,CVE-2014-7186
36933,CVE-2014-7169
36933,CVE-2014-6277
36933,CVE-2014-7187
34860,CVE-2014-6278
34860,CVE-2014-7186
34860,CVE-2014-7169
34860,CVE-2014-6277
34860,CVE-2014-7187
37723,CVE-2015-5477
37721,CVE-2015-5477
39918,CVE-2014-6271,cpe:/o:redhat:enterprise_linux:7.0:ga:server,stride,000000
35146,CVE-2014-6271,cpe:/o:redhat:enterprise_linux:7.0:ga:server,stride,090000
35115,CVE-2014-6271,cpe:/o:redhat:enterprise_linux:7.0:ga:server,stride,000000
35115,CVE-2014-6278,cpe:/o:redhat:enterprise_linux:7.0:ga:server,stride,000000
40619,CVE-2014-6271,cpe:/o:redhat:enterprise_linux:7.0:ga:server,stride,000000
34879,CVE-2014-6271
40938,CVE-2014-6271,cpe:/o:redhat:enterprise_linux:7.0:ga:server,stride,000000
38849,CVE-2014-6271,cpe:/o:redhat:enterprise_linux:7.0:ga:server,stride,000000
34839,CVE-2014-6271,cpe:/o:redhat:enterprise_linux:7.0:ga:server,stride,000000
34777,CVE-2014-6271,cpe:/o:redhat:enterprise_linux:7.0:ga:server,stride,000000
37816,CVE-2014-6271,cpe:/o:redhat:enterprise_linux:7.0:ga:server,stride,000000
40136,CVE-2016-6210
40113,CVE-2016-6210
42762,CVE-2017-1000251
35370,CVE-2014-3153,cpe:/o:redhat:enterprise_linux:7.0:ga:server,stride,000009
40678,CVE-2016-6662
40678,CVE-2016-6663
40678,CVE-2016-6664
40678,CVE-2016-5616
40679,CVE-2016-6662
40679,CVE-2016-6663
40679,CVE-2016-6664
40679,CVE-2016-5616
40679,CVE-2016-5617
34421,CVE-2014-5119
39214,CVE-2014-1739
40360,CVE-2016-6662
40360,CVE-2016-6663
40678,CVE-2016-6662
40678,CVE-2016-6663
40678,CVE-2016-6664
40678,CVE-2016-5616
40679,CVE-2016-6662
40679,CVE-2016-6663
40679,CVE-2016-6664
40679,CVE-2016-5616
40679,CVE-2016-5617
40360,CVE-2016-6662
40360,CVE-2016-6663
40678,CVE-2016-6662
40678,CVE-2016-6663
40678,CVE-2016-6664
40678,CVE-2016-5616
40679,CVE-2016-6662
40679,CVE-2016-6663
40679,CVE-2016-6664
40679,CVE-2016-5616
40679,CVE-2016-5617
40678,CVE-2016-6662
40678,CVE-2016-6663
40678,CVE-2016-6664
40678,CVE-2016-5616
40679,CVE-2016-6662
40679,CVE-2016-6663
40679,CVE-2016-6664
40679,CVE-2016-5616
40679,CVE-2016-5617
41994,CVE-2017-7308
42274,CVE-2017-1000366
42274,CVE-2017-1000370
42275,CVE-2017-1000366
42275,CVE-2017-1000379
42276,CVE-2017-1000366
42276,CVE-2017-1000371
42183,CVE-2017-1000367
38573,CVE-2015-5161
38573,CVE-2014-0191
42943,CVE-2017-14493
32926,CVE-2014-2851
40858,CVE-2016-3115
39569,CVE-2016-3115
41999,CVE-2016-2384
40888,CVE-2016-6515
40435,CVE-2016-4997
40489,CVE-2016-4997
37706,CVE-2015-3245
37706,CVE-2015-3246
37706,CVE-2015-3245
37706,CVE-2015-3246
42275,CVE-2017-1000366
42275,CVE-2017-1000379
34134,CVE-2014-4699
39277,CVE-2016-0728
40003,CVE-2016-0728
36933,CVE-2014-6278
36933,CVE-2014-7186
36933,CVE-2014-7169
36933,CVE-2014-6277
36933,CVE-2014-7187
34860,CVE-2014-6278
34860,CVE-2014-7186
34860,CVE-2014-7169
34860,CVE-2014-6277
34860,CVE-2014-7187
40339,CVE-2015-7547
39454,CVE-2015-7547
40679,CVE-2016-6662
40679,CVE-2016-6663
40679,CVE-2016-6664
40679,CVE-2016-5616
40679,CVE-2016-5617
39166,CVE-2015-8660
40688,CVE-2015-1328
40688,CVE-2015-8660
40453,CVE-2016-2776